{"threshold_0.3": 0.5282925132892842, "threshold_0.6": 0.14744895424511897, "threshold_0.9": 0.030403894878036665}