{"threshold_0.3": 0.9633861592726911, "threshold_0.6": 0.8083859108748571, "threshold_0.9": 0.4615231755179095}